company,website,country,city,segment,employees,fit_signal,target_role,source_url
DFYNE,dfyne.com,UK,Glasgow,E-commerce/D2C,,"#1 on Sunday Times 100 2025 (517% CAGR, £66.8m sales)",Head of Customer Experience / COO,https://www.theindustry.fashion/scottish-activewear-brand-dfyne-tops-the-sunday-times-hundred-list/
Odd Muse,oddmuse.co.uk,UK,London,E-commerce/D2C,,"#4 on Sunday Times 100 2025 (£25.0m sales, 268% growth)",Founder / Head of Customer Experience,https://www.drapersonline.com/news/nobodys-child-odd-muse-and-montirex-among-fastest-growing-uk-companies
Nobody's Child,nobodyschild.com,UK,London,E-commerce/D2C,,"#62 on Sunday Times 100 2025 (£37m sales, 80% CAGR)",Head of Customer Experience / COO,https://www.drapersonline.com/news/nobodys-child-odd-muse-and-montirex-among-fastest-growing-uk-companies
CAPO,capo.co.uk,UK,,E-commerce/D2C,,"#7 on Sunday Times 100 2025 (£12.5m sales, 192% growth); North West based",Founder / COO,https://www.manchesterworld.uk/news/the-north-wests-fastest-growing-companies-according-to-the-sunday-times-including-capo-montirex-plouise-5195087
Montirex,montirex.com,UK,,E-commerce/D2C,,"#18 on Sunday Times 100 2025 (£76.7m sales); recruiting Customer Service Advisors for expanding department (Totaljobs, Sep 2026)",Head of Customer Experience / COO,https://www.totaljobs.com/jobs/montirex?page=1&cmp=1
Adanola,adanola.com,UK,Manchester,E-commerce/D2C,,"Sunday Times 100 fastest-growing (ranked 7th, 202% CAGR); hiring Customer Service Advisor in Manchester",Head of Customer Experience / COO,https://talents.studysmarter.co.uk/companies/adanola/part-time-customer-service-advisor-13805938/
Disturbia,disturbia.co.uk,UK,Cramlington,E-commerce/D2C,,"#54 on Sunday Times 100 (womenswear, £35.1m sales)",Head of Customer Experience / COO,https://www.northumberlandgazette.co.uk/news/people/the-sunday-times-100-fastest-growing-private-companies-northumberland-fashion-brand-disturbia-climbs-up-the-list-5197896
Club L London,clubllondon.com,UK,London,E-commerce/D2C,,"#86 on Sunday Times 100 2025 (£44m turnover, +51% YoY, international expansion)",Head of Customer Experience / COO,https://businesscloud.co.uk/news/glasgows-dfyne-tops-sunday-times-hundred-2025/
P.Louise,plouise.co.uk,UK,Manchester,E-commerce/D2C,,"#37 on Sunday Times 100 2025 (£71m sales, 109.7% growth)",Head of Customer Experience / COO,https://theindustry.beauty/beauty-brands-p-louise-and-refy-make-list-of-the-fastest-growing-businesses-in-britain/
REFY Beauty,refybeauty.com,UK,,E-commerce/D2C,,"#61 on Sunday Times 100 2025 (£40.4m sales, 81% growth)",Head of Customer Experience / COO,https://theindustry.beauty/beauty-brands-p-louise-and-refy-make-list-of-the-fastest-growing-businesses-in-britain/
Rheal Superfoods,rhealsuperfoods.com,UK,Sunderland,E-commerce/D2C,,"#19 on Sunday Times 100 2025 (£25.5m turnover, 142% annual growth)",Founder / Head of Customer Experience,https://bdaily.co.uk/articles/2025/06/29/rheal-ranks-in-uks-fastest-100
Hunter & Gather,hunterandgatherfoods.com,UK,,E-commerce/D2C,,#85 on Sunday Times 100 2025 (£16.6m sales; up from #97),Founder / COO,https://retailtimes.co.uk/real-food-and-supplements-brand-hunter-gather-makes-it-into-the-sunday-times-100/
COAT Paints,coatpaints.com,UK,London,E-commerce/D2C,,On Sunday Times 100 2025 (D2C premium paint),Founder / COO,https://bayesentrepreneurship.fund/news/2025/6/27/coat-paints-in-the-sunday-times-100-britains-fastest-growing-private-companies
47 Skin,47skin.com,UK,York,E-commerce/D2C,,"Sunday Times 100 two years running (#55, £10.6m revenue, +84%)",Founder / Head of Customer Experience,https://www.yorkshirepost.co.uk/business/yorks-47-skin-only-yorkshire-company-to-make-sunday-times-top-100-fastest-growing-list-5198508
Simmer Eats,simmereats.com,UK,Hitchin,Subscription,,"Top 5 on Sunday Times 100 2026 (£79.1m sales, 265% annual growth); meal delivery subscription",Head of Customer Experience / COO,https://businesscloud.co.uk/news/the-sunday-times-100-revealed-for-2026/
Novomins,novomins.com,UK,,E-commerce/D2C,,#27 on Sunday Times 100 2026 (functional gummies),Founder / Head of Customer Experience,https://novomins.com/blogs/news/novomins-sunday-times-top-100
Vidrate,vidrate.com,UK,,E-commerce/D2C,,#28 on Sunday Times 100 2026 (hydration/electrolytes),Founder / COO,https://www.nutraingredients.com/Article/2026/06/09/health-and-wellness-brands-take-center-stage-on-times-100-list/
Phizz,phizz.co,UK,,E-commerce/D2C,,#41 on Sunday Times 100 2026 (hydration tablets),Founder / COO,https://www.nutraingredients.com/Article/2026/06/09/health-and-wellness-brands-take-center-stage-on-times-100-list/
Free Soul,wearefreesoul.com,UK,,E-commerce/D2C,,On Sunday Times 100 2026 (210% annual sales growth; women's health supplements),Founder / COO,https://businesscloud.co.uk/news/the-sunday-times-100-revealed-for-2026/
EverySkin,,UK,,E-commerce/D2C,,Named in Sunday Times 100 2026 (skincare),Founder / COO,https://byradiant.com/blog/sunday-times-100-analysis-fastest-growing-uk-brands
Ancient + Brave,ancientandbrave.earth,UK,,E-commerce/D2C,,Named in Sunday Times 100 wellness cohort (collagen/supplements),Founder / Head of Customer Experience,https://byradiant.com/blog/sunday-times-100-analysis-fastest-growing-uk-brands
Lucky Egg,,UK,,E-commerce/D2C,,"#2 on Sunday Times 100 2026 (board games maker, ~300% growth, £16.3m sales)",Founder / COO,https://businesscloud.co.uk/news/the-sunday-times-100-revealed-for-2026/
Healf,healf.com,UK,London,E-commerce/D2C,,Raised funding Aug 2026 (SEMCAP lead); £0-£35m in 2.5 yrs; hires Customer Experience/Wellbeing Executives (phone/email/chat),Head of Customer Experience / COO,https://www.finsmes.com/2026/08/healf-raises-funding.html
Modern Milkman,themodernmilkman.co.uk,UK,Manchester,Subscription,,"Raised £10m Jan 2026; 100,000+ households; expanding UK and US",Head of Customer Experience / COO,https://tech.eu/2026/01/28/modern-milkman-lands-ps10m-to-scale-its-doorstep-delivery-model/
Wyse London,wyselondon.com,UK,London,E-commerce/D2C,,Hiring Customer Service Advisor (Gorgias/Zendesk) fixed-term Sep-Dec 2026 - peak-season gap,Founder / Operations Manager,"https://www.glassdoor.com/Job/gorgias-jobs-SRCH_IC2671300_KO0,7.htm"
Passenger,passenger-clothing.com,UK,,E-commerce/D2C,,Sunday Times 100 - second-fastest-growing fashion retailer (171% CAGR),Head of Customer Experience / COO,https://www.drapersonline.com/news/uk-athleisure-brands-make-sunday-times-100-list
ThruDark,thrudark.com,UK,Poole,E-commerce/D2C,,#61 on Sunday Times 100 (athleisure/outdoor apparel),Head of Customer Experience / COO,https://www.drapersonline.com/news/uk-athleisure-brands-make-sunday-times-100-list
AYBL,aybl.com,UK,,E-commerce/D2C,,#100 on Sunday Times 100 (activewear),Head of Customer Experience / COO,https://www.drapersonline.com/news/uk-athleisure-brands-make-sunday-times-100-list
Six Stories,sixstories.co.uk,UK,Altrincham,E-commerce/D2C,,#20 on Sunday Times 100 2024 (online bridalwear),Founder / Head of Customer Experience,https://aboutmanchester.co.uk/six-stories-announced-as-the-first-bridal-brand-in-the-sunday-times-100-fastest-growing-companies-for-2024/
Trybe,try.be,UK,London,SaaS,,Raised $30M Series A (Five Elms) Jan 2026; expanding NA/EU/APAC; 325+ spa/leisure properties,Head of Customer Support / VP Customer Success / COO,https://www.prnewswire.com/news-releases/trybe-announces-30m-series-a-investment-from-five-elms-capital-302658132.html
Summize,summize.com,UK,Manchester,SaaS,,Raised $50M Jan 2026; 5 yrs of 100%+ ARR growth; Deloitte UK Fast 50 2025,Head of Customer Support / VP Customer Success / COO,https://www.businesswire.com/news/home/20260127240240/en/Summize-Raises-%2450-Million-to-Accelerate-Global-Expansion-and-Advance-AI-Contract-Intelligence
Happl,happl.com,UK,Manchester,SaaS,,Raised £8.1m Series A (Portage) May 2026; team expansion UK and US,Head of Customer Support / VP Customer Success / COO,https://www.uktech.news/funding/happl-raises-over-8m-to-accelerate-global-employee-benefits-system-20260513
Adfin,adfin.com,UK,London,SaaS,,"Raised $18M Series A (Index Ventures) May 2026; serves SMBs, accountants, trades",Head of Customer Support / VP Customer Success / COO,https://www.finsmes.com/2026/05/adfin-raises-18m-in-series-a-funding.html
Swap,swap-commerce.com,UK,London,SaaS,,Raised $100M Series C Jan 2026 (9 months after $40M Series B); e-commerce OS for brands,Head of Customer Support / VP Customer Success / COO,https://tech.eu/2026/01/07/e-commerce-operating-startup-swap-raises-100m/
Wamo,wamo.io,UK,London,SaaS,,Raised EUR10M Series A Apr 2026; SME finance/banking platform,Head of Customer Support / VP Customer Success / COO,https://www.finsmes.com/2026/04/wamo-raises-e10m-in-series-a-funding.html
Revnu,,UK,Manchester,SaaS,,Raised EUR2.6m Oct 2026 (AI GTM automation),Founder / COO,https://www.finsmes.com/2026/10/revnu-raises-e2-6m-in-funding.html
Risk Ledger,riskledger.com,UK,London,SaaS,,#30 on Deloitte UK Technology Fast 50 2025,Head of Customer Support / VP Customer Success / COO,https://riskledger.com/resources/uk-fast-50-2025
Vertice,vertice.one,UK,London,SaaS,,"#2 software company on Sunday Times 100 Tech 2026 (437% annual growth, £27.0m sales)",Head of Customer Support / VP Customer Success / COO,https://www.insidermedia.com/news/national/the-sunday-times-names-uks-100-fastest-growing-tech-companies-for-2026
ANNA Money,anna.money,UK,London,SaaS,,On Sunday Times 100 Tech 2026 (SMB business account/admin app),Head of Customer Support / VP Customer Success / COO,https://anna.money/blog/updates/anna-sunday-times-100-tech-list-2026/
LendingCrowd,lendingcrowd.com,UK,Edinburgh,Other,,"#9 on Deloitte UK Technology Fast 50 2025 (2,792% growth); SME lending fintech",COO / Head of Customer Operations,https://www.lendingcrowd.com/blog/2025-deloitte-technology-fast-50
Journee,,UK,,Other,,"#1 on Deloitte UK Technology Fast 50 2025 (10,171% growth); consumer travel platform",COO / Head of Customer Experience,https://www.deloitte.com/uk/en/about/press-room/journee-tops-deloitte-uk-technology-fast-50-ranking.html
City Unscripted,cityunscripted.com,UK,London,Other,,#5 on Deloitte UK Technology Fast 50 2025; consumer travel experiences marketplace,COO / Head of Customer Experience,https://www.barchart.com/story/news/35993388/city-unscripted-ranked-5th-fastestgrowing-technology-company-in-the-uk-in-the-2025-deloitte-uk-technology-fast-50
Graza,graza.co,US,"Brooklyn, NY",E-commerce/D2C,,"~$48m sales 2024, reported tripling gross sales in 2025; $240m valuation",COO / Head of Customer Experience,https://insideretail.asia/2025/12/16/how-graza-became-a-48-million-olive-oil-brand-stocked-by-whole-foods-and-target/
Caraway,carawayhome.com,US,"New York, NY",E-commerce/D2C,40+ (2022),"D2C cookware; raised $35M (McCarthy Capital), $70.3M total",Head of Customer Experience / COO,https://www.retaildive.com/news/direct-to-consumer-brand-caraway-raises-35-million/632993/
Jones Road Beauty,jonesroadbeauty.com,US,"Montclair, NJ",E-commerce/D2C,~184,"Headcount +21% YoY, 8 open roles (Aug 2026); $100m+ revenue",Head of Customer Experience / COO,https://profiles.crustdata.com/company/jones-road-beauty
Dossier,dossier.co,US,"New York, NY",E-commerce/D2C,,PE investment from American Pacific Group (Apr 2026); ~$100m annualized revenue 2025,Head of Customer Experience / COO,https://www.morningstar.com/news/business-wire/20260401050420/american-pacific-group-announces-investment-in-dossier
Magic Spoon,magicspoon.com,US,"New York, NY",E-commerce/D2C,,"D2C cereal; $209M raised total; 1m+ customers, expanding omnichannel",Head of Customer Experience / COO,https://en.wikipedia.org/wiki/Magic_Spoon
Brooklinen,brooklinen.com,US,"Brooklyn, NY",E-commerce/D2C,~166,Zendesk customer (Zendesk case study); $117m sales 2025,Head of Customer Experience / COO,https://www.zendesk.com/blog/industries/brooklinen-industry-going-direct-consumer/
Thesis,takethesis.com,US,"New York, NY",Subscription,~64,#12 on Inc. 5000 (2023); #3 FT Americas' Fastest-Growing 2024; personalized nootropics subscription,COO / Head of Customer Experience,https://www.builtinnyc.com/articles/these-nyc-companies-made-inc-5000
Branch Furniture,branchfurniture.com,US,"New York, NY",E-commerce/D2C,201-500 (per ZoomInfo),#73 on Inc. 5000 (2023); D2C office furniture,Head of Customer Experience / COO,https://www.builtinnyc.com/articles/these-nyc-companies-made-inc-5000
Bogg Bag,boggbag.com,US,"Secaucus, NJ",E-commerce/D2C,,"2026 Inc. 5000 honoree (#2,072 Consumer Products); also 2025 honoree",Head of Customer Experience / COO,https://www.inc.com/profile/kimberlee-vaccarella
Dermatool,dermatool.com,US,"Hoboken, NJ",E-commerce/D2C,,"#1,765 on Inc. 5000 2026 (Consumer Products); sells online",Founder / COO,https://njbiz.com/nj-companies-2026-inc-5000/
Lalo,meetlalo.com,US,"New York, NY",E-commerce/D2C,,D2C baby brand; $10.1M Series A (2023) + later equity round with Forecast Labs,Head of Customer Experience / COO,https://www.modernretail.co/operations/dtc-baby-brand-lalo-raises-10-1m-series-a/
Probook,probook.ai,US,"New York, NY",SaaS,,"Raised $40M Seed+Series A (a16z, Sequoia) Jun 2026; growing customer success teams",Head of Customer Support / VP Customer Success / COO,https://www.globenewswire.com/news-release/2026/06/23/3316215/0/en/probook-raises-40m-from-andreessen-horowitz-and-sequoia-to-scale-the-ai-operating-system-for-home-services.html
Glimpse,tryglimpse.com,US,"New York, NY",SaaS,,Raised $35M Series A (a16z) Apr 2026; 200+ CPG brands; expanding customer success,Head of Customer Support / VP Customer Success / COO,https://www.tryglimpse.com/post/seriesa
Sent,sent.dm,US,"New York, NY",SaaS,,"Raised $12M Series A Jul 2026; 20,000+ developers/teams on platform",Head of Customer Support / VP Customer Success / COO,https://www.globenewswire.com/news-release/2026/07/28/3334213/0/en/sent-raises-12m-series-a-to-supercharge-ai-messaging-infrastructure.html
Apploi,apploi.com,US,"New York, NY",SaaS,,#288 on Deloitte Technology Fast 500 2025,Head of Customer Support / VP Customer Success / COO,https://www.prnewswire.com/news-releases/apploi-ranked-no-288-fastest-growing-company-on-the-2025-deloitte-technology-fast-500-302620432.html
HR Acuity,hracuity.com,US,,SaaS,,Named to Deloitte Technology Fast 500 2025,Head of Customer Support / VP Customer Success / COO,https://finance.yahoo.com/news/hr-acuity-named-2025-deloitte-133100302.html
Atomic,,US,"Boston, MA",SaaS,,"Raised $12.5M Series A Sep 2026; customers include DoorDash, HelloFresh",Head of Customer Support / VP Customer Success / COO,https://www.finsmes.com/2026/09/atomic-raises-12-5m-in-series-a-funding.html
